wsmith@wordsmith.org linguaphile@wordsmith.org 6
etradeservice@etrade.0mm.com sara.shackleton@enron.com 2
sara.shackleton@enron.com andrea.reed@enron.com 2
sara.shackleton@enron.com gordon.mckillop@enron.com 2
sara.shackleton@enron.com julia.murray@enron.com 2
sara.shackleton@enron.com mary.cook@enron.com 2
sara.shackleton@enron.com ryan.siurek@enron.com 2
sara.shackleton@enron.com stephen.douglas@enron.com 2
sara.shackleton@enron.com trushar.patel@enron.com 2
sara.shackleton@enron.com laurel.adams@enron.com 4
sara.shackleton@enron.com christian.yoder@enron.com 2
sara.shackleton@enron.com mark.taylor@enron.com 2
sara.shackleton@enron.com stewart.rosman@enron.com 2
sara.shackleton@enron.com russell.diamond@enron.com 2
james.heckler@csfb.com benjamin.rogers@enron.com 3
john.viverito@enron.com jonathan.whitehead@enron.com 4
john.viverito@enron.com mark.taylor@enron.com 4
john.viverito@enron.com brent.hendry@enron.com 2
john.viverito@enron.com dale.neuner@enron.com 2
john.viverito@enron.com david.minns@enron.com 2
john.viverito@enron.com john.suttle@enron.com 2
john.viverito@enron.com susan.musch@enron.com 2
mark.taylor@enron.com john.suttle@enron.com 4
mark.taylor@enron.com dave.samuels@enron.com 2
mark.taylor@enron.com victor.browner@enron.com 2
mark.taylor@enron.com janette.elbertson@enron.com 2
mark.taylor@enron.com john.viverito@enron.com 2
mark.taylor@enron.com mary.cook@enron.com 2
mark.taylor@enron.com stager@erols.com 2
venturewire@venturewire.com jdasovic@enron.com 2
jdasovic@enron.com steven.j.kean@enron.com 12
jdasovic@enron.com gavin.dillingham.enron_development.enron@enron.com 6
jdasovic@enron.com hkingers@enron.com 6
jdasovic@enron.com jsteffe@enron.com 6
jdasovic@enron.com mpetroch@enron.com 6
jdasovic@enron.com rshapiro@enron.com 6
jdasovic@enron.com ryang@enron.com 6
jdasovic@enron.com smara@enron.com 6
jdasovic@enron.com smccubbi@enron.com 6
chris.dorland@enron.com bgabrielson@cdnam.com 5
chris.dorland@enron.com derek.davies@enron.com 3
chris.dorland@enron.com mmolloy@oebi.com 3
chris.dorland@enron.com patricia.henry@enron.com 3
chris.dorland@enron.com kentdorland@yahoo.com 3
steven.kean@enron.com gavin.dillingham@enron.com 12
steven.kean@enron.com mark.schroeder@enron.com 4
steven.kean@enron.com nicholas.oday@enron.com 4
steven.kean@enron.com james.steffes@enron.com 14
steven.kean@enron.com jeff.dasovich@enron.com 21
steven.kean@enron.com mary.hain@enron.com 7
steven.kean@enron.com mona.petrochko@enron.com 25
steven.kean@enron.com paul.kaufman@enron.com 7
steven.kean@enron.com richard.shapiro@enron.com 19
steven.kean@enron.com susan.mara@enron.com 21
steven.kean@enron.com tim.belden@enron.com 7
steven.kean@enron.com maureen.mcvicker@enron.com 6
steven.kean@enron.com sandra.mccubbin@enron.com 19
steven.kean@enron.com harry.kingerski@enron.com 7
steven.kean@enron.com terence.thorn@enron.com 5
steven.kean@enron.com steven.kean@enron.com 5
gavin.dillingham@enron.com filuntz@aol.com 18
gavin.dillingham@enron.com liz@luntz.com 18
gavin.dillingham@enron.com mike.dahlke@enron.com 18
gavin.dillingham@enron.com nicholas.oday@enron.com 18
gavin.dillingham@enron.com steven.kean@enron.com 6
gavin.dillingham@enron.com jeff.dasovich@enron.com 2
mark.schroeder@enron.com filuntz@aol.com 2
mark.schroeder@enron.com gavin.dillingham@enron.com 2
mark.schroeder@enron.com jeannie.mandelker@enron.com 2
mark.schroeder@enron.com liz@luntz.com 2
mark.schroeder@enron.com mike.dahlke@enron.com 2
mark.schroeder@enron.com nicholas.oday@enron.com 2
mark.schroeder@enron.com paul.kaufman@enron.com 2
mark.schroeder@enron.com peter.styles@enron.com 2
mark.schroeder@enron.com steven.kean@enron.com 13
mark.schroeder@enron.com elizabeth.linnell@enron.com 6
vince.kaminski@enron.com vkaminski@aol.com 12
vince.kaminski@enron.com jeffrey.shankman@enron.com 3
vince.kaminski@enron.com vince.kaminski@enron.com 3
carlos.rodriguez@enron.com aimee.lannou@enron.com 3
carlos.rodriguez@enron.com carlos.rodriguez@enron.com 3
carlos.rodriguez@enron.com clem.cernosek@enron.com 3
carlos.rodriguez@enron.com daren.farmer@enron.com 3
carlos.rodriguez@enron.com eddie.janzen@enron.com 3
carlos.rodriguez@enron.com jackie.young@enron.com 3
carlos.rodriguez@enron.com mark.mccoy@enron.com 3
carlos.rodriguez@enron.com mary.poorman@enron.com 3
carlos.rodriguez@enron.com pat.clynes@enron.com 3
carlos.rodriguez@enron.com robert.cotten@enron.com 3
carlos.rodriguez@enron.com robert.lloyd@enron.com 3
carlos.rodriguez@enron.com sabrae.zajac@enron.com 3
carlos.rodriguez@enron.com stella.morris@enron.com 3
carlos.rodriguez@enron.com susan.hadix@enron.com 3
carlos.rodriguez@enron.com tom.acton@enron.com 3
daren.farmer@enron.com faye.ellis@enron.com 4
mark.mccoy@enron.com daren.farmer@enron.com 16
mark.mccoy@enron.com pat.clynes@enron.com 12
mark.mccoy@enron.com rita.wynne@enron.com 12
mark.mccoy@enron.com stacey.neuweiler@enron.com 16
pat.clynes@enron.com daren.farmer@enron.com 3
pat.clynes@enron.com mark.mccoy@enron.com 3
pat.clynes@enron.com rita.wynne@enron.com 3
robert.lloyd@enron.com aimee.lannou@enron.com 3
robert.lloyd@enron.com anita.luong@enron.com 3
robert.lloyd@enron.com carlos.rodriguez@enron.com 3
robert.lloyd@enron.com clem.cernosek@enron.com 3
robert.lloyd@enron.com daren.farmer@enron.com 6
robert.lloyd@enron.com eddie.janzen@enron.com 3
robert.lloyd@enron.com gary.hanks@enron.com 3
robert.lloyd@enron.com gary.lamphier@enron.com 3
robert.lloyd@enron.com jackie.young@enron.com 3
robert.lloyd@enron.com lee.papayoti@enron.com 6
robert.lloyd@enron.com mark.mccoy@enron.com 3
robert.lloyd@enron.com mary.poorman@enron.com 3
robert.lloyd@enron.com pat.clynes@enron.com 6
robert.lloyd@enron.com rita.wynne@enron.com 3
robert.lloyd@enron.com robert.cotten@enron.com 3
robert.lloyd@enron.com sabrae.zajac@enron.com 3
robert.lloyd@enron.com susan.hadix@enron.com 3
robert.lloyd@enron.com tom.acton@enron.com 3
robert.lloyd@enron.com rebecca.griffin@enron.com 3
chris.germany@enron.com joni.veselack@neg.pge.com 9
chris.germany@enron.com dick.jenkins@enron.com 4
chris.germany@enron.com robin.barbe@enron.com 4
chris.germany@enron.com scott.hendrickson@enron.com 4
chris.germany@enron.com colleen.sullivan@enron.com 4
jeff.dasovich@enron.com amosher@appanet.org 6
jeff.dasovich@enron.com doornbos@socrates.berkeley.edu 6
jeff.dasovich@enron.com gramlr@pjm.com 6
jeff.dasovich@enron.com hcameron@uclink.berkeley.edu 6
jeff.dasovich@enron.com jeff.dasovich@enron.com 6
jeff.dasovich@enron.com jttyree@columbiaenergygroup.com 2
jeff.dasovich@enron.com klietzan@columbiaenergygroup.com 2
jeff.dasovich@enron.com lfried@uclink.berkeley.edu 6
jeff.dasovich@enron.com whederman@columbiaenergygroup.com 6
jeff.dasovich@enron.com susan.landwehr@enron.com 2
jeff.dasovich@enron.com steven.kean@enron.com 29
jeff.dasovich@enron.com james.steffes@enron.com 22
jeff.dasovich@enron.com karen.denne@enron.com 11
jeff.dasovich@enron.com mona.petrochko@enron.com 22
jeff.dasovich@enron.com mpalmer@enron.com 18
jeff.dasovich@enron.com paul.kaufman@enron.com 13
jeff.dasovich@enron.com richard.shapiro@enron.com 20
jeff.dasovich@enron.com sandra.mccubbin@enron.com 22
jeff.dasovich@enron.com susan.mara@enron.com 22
jeff.dasovich@enron.com gavin.dillingham@enron.com 4
jeff.dasovich@enron.com harry.kingerski@enron.com 2
jeff.dasovich@enron.com roger.yang@enron.com 2
jeff.dasovich@enron.com bruno.gaillard@enron.com 9
jeff.dasovich@enron.com david.parquet@enron.com 2
jeff.dasovich@enron.com kathleen.magruder@enron.com 2
jeff.dasovich@enron.com cynthia.sandherr@enron.com 7
jeff.dasovich@enron.com joe.hartsoe@enron.com 7
jeff.dasovich@enron.com mary.hain@enron.com 7
jeff.dasovich@enron.com nancy.sellers@robertmondavi.com 4
jeff.dasovich@enron.com cameron@perfect.com 2
jeff.dasovich@enron.com 9069876@skytel.com 2
jeff.dasovich@enron.com susan.scott@enron.com 2
jeff.dasovich@enron.com jdasovic@enron.com 3
jeff.dasovich@enron.com rob.bradley@enron.com 2
jeff.dasovich@enron.com commishjjk@aol.com 2
richard.shapiro@enron.com steven.kean@enron.com 6
elizabeth.hernandez@enron.com daren.farmer@enron.com 3
laurel.adams@enron.com sara.shackleton@enron.com 4
justin.boyd@enron.com tana.jones@enron.com 2
justin.boyd@enron.com mark.taylor@enron.com 3
tana.jones@enron.com alan.aronowitz@enron.com 6
tana.jones@enron.com david.minns@enron.com 4
tana.jones@enron.com harry.collins@enron.com 6
tana.jones@enron.com jeffrey.hodge@enron.com 4
tana.jones@enron.com john.viverito@enron.com 4
tana.jones@enron.com leslie.hansen@enron.com 6
tana.jones@enron.com marie.heard@enron.com 4
tana.jones@enron.com peter.keohane@enron.com 2
tana.jones@enron.com robbi.rossi@enron.com 4
tana.jones@enron.com shari.stack@enron.com 10
tana.jones@enron.com stacy.dickson@enron.com 4
tana.jones@enron.com rhonda.denton@enron.com 2
tana.jones@enron.com frank.davis@enron.com 8
tana.jones@enron.com sheri.thomas@enron.com 4
tana.jones@enron.com stephanie.sever@enron.com 6
tana.jones@enron.com lisa.lees@enron.com 2
tana.jones@enron.com marcus.nettelton@enron.com 2
tana.jones@enron.com tom.moran@enron.com 4
tana.jones@enron.com mark.taylor@enron.com 5
tana.jones@enron.com michael.mulligan@americas.bnpparibas.com 2
tana.jones@enron.com david.forster@enron.com 2
ann.schmidt@enron.com karen.denne@enron.com 5
ann.schmidt@enron.com mark.palmer@enron.com 5
ann.schmidt@enron.com meredith.philipp@enron.com 5
ann.schmidt@enron.com steven.kean@enron.com 5
susan.scott@enron.com monique.sanchez@enron.com 4
susan.scott@enron.com jeffery.fawcett@enron.com 11
susan.scott@enron.com christine.stokes@enron.com 7
susan.scott@enron.com danny.mccarty@enron.com 7
susan.scott@enron.com glen.hass@enron.com 7
susan.scott@enron.com julia.white@enron.com 7
susan.scott@enron.com lee.ferrell@enron.com 7
susan.scott@enron.com lindy.donoho@enron.com 7
susan.scott@enron.com lorraine.lindberg@enron.com 7
susan.scott@enron.com lynn.blair@enron.com 7
susan.scott@enron.com mary.darveaux@enron.com 7
susan.scott@enron.com mary.miller@enron.com 7
susan.scott@enron.com michelle.lokay@enron.com 10
susan.scott@enron.com ramona.betancourt@enron.com 7
susan.scott@enron.com sheila.nacey@enron.com 7
susan.scott@enron.com shelley.corman@enron.com 7
susan.scott@enron.com steven.harris@enron.com 7
susan.scott@enron.com tk.lohman@enron.com 7
susan.scott@enron.com tony.pryor@enron.com 7
faye.ellis@enron.com daren.farmer@enron.com 4
faye.ellis@enron.com donna.consemiu@enron.com 4
kay.mann@enron.com sheila.tweed@enron.com 4
kay.mann@enron.com tom.chapman@enron.com 3
kay.mann@enron.com suzanne.adams@enron.com 8
kay.mann@enron.com laura.luce@enron.com 4
kay.mann@enron.com rusty.stevens@enron.com 4
kay.mann@enron.com kathleen.carnahan@enron.com 8
kay.mann@enron.com gregg.penman@enron.com 4
kay.mann@enron.com ben.jacoby@enron.com 4
kay.mann@enron.com heather.kroll@enron.com 4
kay.mann@enron.com ozzie.pagan@enron.com 4
kay.mann@enron.com reagan.rorschach@enron.com 4
sheila.tweed@enron.com kay.mann@enron.com 3
jodi.coulter@enron.com sally.beck@enron.com 2
sally.beck@enron.com arsystem@ect.enron.com 3
sally.beck@enron.com patti.thompson@enron.com 4
sally.beck@enron.com suew2@aol.com 4
harry.kingerski@enron.com gavin.dillingham@enron.com 2
harry.kingerski@enron.com james.steffes@enron.com 2
harry.kingerski@enron.com jeff.dasovich@enron.com 2
harry.kingerski@enron.com mona.petrochko@enron.com 2
harry.kingerski@enron.com richard.shapiro@enron.com 2
harry.kingerski@enron.com sandra.mccubbin@enron.com 2
harry.kingerski@enron.com steven.kean@enron.com 2
harry.kingerski@enron.com susan.mara@enron.com 2
drew.fossum@enron.com dhooker@utilicorp.com 3
drew.fossum@enron.com britt.davis@enron.com 4
drew.fossum@enron.com dorothy.mccoppin@enron.com 4
drew.fossum@enron.com kathy.ringblom@enron.com 4
drew.fossum@enron.com louis.soldano@enron.com 4
drew.fossum@enron.com michael.moran@enron.com 4
drew.fossum@enron.com john.goodpasture@enron.com 3
drew.fossum@enron.com mike.mcgowan@enron.com 3
mary.cook@enron.com julia.murray@enron.com 2
mary.cook@enron.com sara.shackleton@enron.com 10
mary.cook@enron.com stuart.zisman@enron.com 4
mary.cook@enron.com tana.jones@enron.com 2
mary.cook@enron.com chaundra.woods@enron.com 2
steven@iepa.com agilford@wbcounsel.com 2
steven@iepa.com al.jensen@nrgenergy.com 2
steven@iepa.com armen.arslanian@gecapital.com 2
steven@iepa.com bbuchynsky@aol.com 2
steven@iepa.com bellery@spi-ind.com 2
steven@iepa.com bfpjv@c-zone.net 2
steven@iepa.com bill.barnes@lgeenergy.com 2
steven@iepa.com billw@calpine.com 2
steven@iepa.com cabaker@duke-energy.com 2
steven@iepa.com cody.carter@williams.com 2
steven@iepa.com curt.hatton@gen.pge.com 2
steven@iepa.com curtis_l_kebler@reliantenergy.com 2
steven@iepa.com dean_gosselin@fpl.com 2
steven@iepa.com difellman@energy-law-group.com 2
steven@iepa.com dnelsen@gwfpower.com 2
steven@iepa.com dparque@ect.enron.com 2
steven@iepa.com efeo@milbank.com 2
steven@iepa.com elliottsa@earthlink.net 2
steven@iepa.com elozowicki@sjo.coudert.com 2
steven@iepa.com emaddox@seawestwindpower.com 2
steven@iepa.com fmisseldine@caithnessenergy.com 2
steven@iepa.com frank.derosa@gen.pge.com 2
steven@iepa.com freesrj@apci.com 2
steven@iepa.com gdonald386@aol.com 2
steven@iepa.com gsheere2@iccnet.com 2
steven@iepa.com gtbl@dynegy.com 2
steven@iepa.com hawkins@2000energy.com 2
steven@iepa.com hedsf@aol.com 2
steven@iepa.com hellertj@apci.com 2
steven@iepa.com jackp@calpine.com 2
steven@iepa.com jdasovic@enron.com 2
steven@iepa.com jim_bishop@msn.com 2
steven@iepa.com jluckhardt@dbsr.com 2
steven@iepa.com jmhpower@aol.com 2
steven@iepa.com joe.greco@uaecorp.com 2
steven@iepa.com joer@calpine.com 2
steven@iepa.com john_h_stout@reliantenergy.com 2
steven@iepa.com john.mcconomy@us.pwcglobal.com 2
steven@iepa.com jornl@forasenergy.com 2
steven@iepa.com jweisgall@aol.com 2
steven@iepa.com jwood@sithe.com 2
steven@iepa.com kbssac@aol.com 2
steven@iepa.com kfickett@usgen.com 2
steven@iepa.com khoffman@caithnessenergy.com 2
steven@iepa.com kwilliams@envres.org 2
steven@iepa.com lale@dynegy.com 2
steven@iepa.com lynch@sl.net 2
steven@iepa.com marc.tompkins@bently.com 2
steven@iepa.com marty_mcfadden@ogden-energy.com 2
steven@iepa.com mcmannes@aol.com 2
steven@iepa.com mkramer@akingump.com 2
steven@iepa.com paula_soos@ogden-energy.com 2
steven@iepa.com plenv01@northcoast.com 2
steven@iepa.com purenergyi@aol.com 2
steven@iepa.com randall.kob@prudential.com 2
steven@iepa.com rboyd@enron.com 2
steven@iepa.com rescalante@riobravo-gm.com 2
steven@iepa.com rjhickok@duke-energy.com 2
steven@iepa.com rllamkin@seiworldwide.com 2
steven@iepa.com rpelote@energy.twc.com 2
steven@iepa.com sangorgon@aol.com 2
steven@iepa.com siliff@riobravo-gm.com 2
steven@iepa.com smara@enron.com 2
steven@iepa.com snoll@thermoecotek.com 2
steven@iepa.com stan.marks@nrgenergy.com 2
steven@iepa.com steve_ponder@fpl.com 2
steven@iepa.com taschehoug@thermoecotek.com 2
steven@iepa.com twetzel@thermoecotek.com 2
steven@iepa.com wfhall2@duke-energy.com 2
steven@iepa.com william_carlson@wastemanagement.com 2
steven@iepa.com wscobee@caithnessenergy.com 2
robin.rodrigue@enron.com becky.pitre@enron.com 3
dgagliardi@reliantenergy.com clint.dean@enron.com 3
shari.stack@enron.com tana.jones@enron.com 8
shari.stack@enron.com leslie.hansen@enron.com 6
shari.stack@enron.com rhonda.denton@enron.com 6
shari.stack@enron.com bradley.diebner@enron.com 2
shari.stack@enron.com david.forster@enron.com 2
shari.stack@enron.com frank.davis@enron.com 2
shari.stack@enron.com melissa.murphy@enron.com 2
shari.stack@enron.com stephanie.sever@enron.com 2
michelle.cash@enron.com kgstith@littler.com 2
michelle.cash@enron.com twanda.sweet@enron.com 2
state_of_the_world_forum@stateoftheworldforum.r-3.net klay@enron.com 3
rhonda.denton@enron.com tana.jones@enron.com 2
christine.stokes@enron.com jeffery.fawcett@enron.com 6
christine.stokes@enron.com kevin.hyatt@enron.com 6
christine.stokes@enron.com lindy.donoho@enron.com 3
christine.stokes@enron.com lorraine.lindberg@enron.com 6
christine.stokes@enron.com michelle.lokay@enron.com 6
christine.stokes@enron.com steven.harris@enron.com 6
christine.stokes@enron.com tk.lohman@enron.com 6
kevin.hyatt@enron.com bullets@enron.com 3
richard.sanders@enron.com britt.davis@enron.com 6
richard.sanders@enron.com travis.mccullough@enron.com 2
richard.sanders@enron.com bonnie.white@enron.com 4
richard.sanders@enron.com vance@gvtucker.com 4
richard.sanders@enron.com tom@mantires.com 2
richard.sanders@enron.com richard.sanders@enron.com 5
richard.sanders@enron.com randal.maffett@enron.com 2
gary.lamphier@enron.com gary.lamphier@enron.com 3
gary.lamphier@enron.com gary.taylor@enron.com 3
gary.lamphier@enron.com greg.martin@enron.com 3
gary.lamphier@enron.com jeffrey.gossett@enron.com 3
gary.lamphier@enron.com mark.friedman@enron.com 3
gary.lamphier@enron.com martin.cuilla@enron.com 3
gary.lamphier@enron.com mike.morris@enron.com 3
gary.lamphier@enron.com scott.earnest@enron.com 3
gary.lamphier@enron.com tony.harris@enron.com 3
gary.lamphier@enron.com william.kasemervisz@enron.com 3
lee.papayoti@enron.com daren.farmer@enron.com 3
lee.papayoti@enron.com pat.clynes@enron.com 3
lee.papayoti@enron.com rebecca.griffin@enron.com 3
lee.papayoti@enron.com robert.lloyd@enron.com 3
susan.worthen@enron.com steven.kean@enron.com 5
robert.frank@enron.com andrew.ralston@enron.com 6
robert.frank@enron.com bill.votaw@enron.com 6
robert.frank@enron.com john.carr@enron.com 6
robert.frank@enron.com laren.tarbet@enron.com 6
robert.frank@enron.com peggy.mahoney@enron.com 6
robert.frank@enron.com richard.shapiro@enron.com 6
robert.frank@enron.com scott.porter@enron.com 6
robert.frank@enron.com steven.kean@enron.com 6
robert.frank@enron.com vicki.sharp@enron.com 6
christian.yoder@enron.com sara.shackleton@enron.com 4
christian.yoder@enron.com stewart.rosman@enron.com 4
stewart.rosman@enron.com christian.yoder@enron.com 2
stewart.rosman@enron.com sara.shackleton@enron.com 2
linda.noske@enron.com alan.aronowitz@enron.com 4
linda.noske@enron.com anne.koehler@enron.com 4
linda.noske@enron.com ann.white@enron.com 4
linda.noske@enron.com barbara.gray@enron.com 4
linda.noske@enron.com barton.clark@enron.com 4
linda.noske@enron.com becky.tlucek@enron.com 4
linda.noske@enron.com bob.carter@enron.com 4
linda.noske@enron.com brenda.whitehead@enron.com 4
linda.noske@enron.com brent.hendry@enron.com 4
linda.noske@enron.com carol.clair@enron.com 4
linda.noske@enron.com carolyn.george@enron.com 4
linda.noske@enron.com chaundra.woods@enron.com 4
linda.noske@enron.com dan.hyvl@enron.com 4
linda.noske@enron.com dan.lyons@enron.com 4
linda.noske@enron.com david.portz@enron.com 4
linda.noske@enron.com deb.korkmas@enron.com 4
linda.noske@enron.com debra.perlingiere@enron.com 4
linda.noske@enron.com dina.snow@enron.com 4
linda.noske@enron.com ed.iii@enron.com 4
linda.noske@enron.com elizabeth.sager@enron.com 4
linda.noske@enron.com genia.fitzgerald@enron.com 4
linda.noske@enron.com gerald.nemec@enron.com 4
linda.noske@enron.com gloria.cruz@enron.com 4
linda.noske@enron.com harry.collins@enron.com 4
linda.noske@enron.com james.grace@enron.com 4
linda.noske@enron.com janet.moore@enron.com 4
linda.noske@enron.com janette.elbertson@enron.com 4
linda.noske@enron.com janice.moore@enron.com 4
linda.noske@enron.com jeffrey.hodge@enron.com 4
linda.noske@enron.com jenny.helton@enron.com 4
linda.noske@enron.com joya.davis@enron.com 4
linda.noske@enron.com julia.murray@enron.com 4
linda.noske@enron.com kaye.ellis@enron.com 4
linda.noske@enron.com kay.mann@enron.com 4
linda.noske@enron.com kay.young@enron.com 4
linda.noske@enron.com kimberlee.bennick@enron.com 4
linda.noske@enron.com lance.schuler-legal@enron.com 4
linda.noske@enron.com laurie.mayer@enron.com 4
linda.noske@enron.com leslie.hansen@enron.com 4
linda.noske@enron.com linda.guinn@enron.com 4
linda.noske@enron.com linda.noske@enron.com 4
linda.noske@enron.com linda.simmons@enron.com 4
linda.noske@enron.com lisa.mellencamp@enron.com 4
linda.noske@enron.com lou.stoler@enron.com 4
linda.noske@enron.com marcus.nettelton@enron.com 4
linda.noske@enron.com mark.greenberg@enron.com 4
linda.noske@enron.com mark.haedicke@enron.com 4
linda.noske@enron.com mark.taylor@enron.com 4
linda.noske@enron.com martin.penkwitz@enron.com 4
linda.noske@enron.com mary.cook@enron.com 4
linda.noske@enron.com mary.heinitz@enron.com 4
linda.noske@enron.com mary.ogden@enron.com 4
linda.noske@enron.com matt.maxwell@enron.com 4
linda.noske@enron.com merrill.haas@enron.com 4
linda.noske@enron.com michael.robison@enron.com 4
linda.noske@enron.com michelle.cash@enron.com 4
linda.noske@enron.com nony.flores@enron.com 4
linda.noske@enron.com pat.radford@enron.com 4
linda.noske@enron.com peggy.banczak@enron.com 4
linda.noske@enron.com peter.vecchio@enron.com 4
linda.noske@enron.com richard.sanders@enron.com 4
linda.noske@enron.com robert.bruce@enron.com 4
linda.noske@enron.com robert.walker@enron.com 4
linda.noske@enron.com roger.balog@enron.com 4
linda.noske@enron.com samantha.boyd@enron.com 4
linda.noske@enron.com sandi.braband@enron.com 4
linda.noske@enron.com sara.shackleton@enron.com 4
linda.noske@enron.com shari.stack@enron.com 4
linda.noske@enron.com shawna.flynn@enron.com 4
linda.noske@enron.com sheila.tweed@enron.com 4
linda.noske@enron.com sheri.cromwell@enron.com 4
linda.noske@enron.com shonnie.daniel@enron.com 4
linda.noske@enron.com stacy.dickson@enron.com 4
linda.noske@enron.com steve.hooser@enron.com 4
linda.noske@enron.com stuart.zisman@enron.com 4
linda.noske@enron.com susan.bailey@enron.com 4
linda.noske@enron.com susan.flynn@enron.com 4
linda.noske@enron.com suzanne.adams@enron.com 4
linda.noske@enron.com taffy.milligan@enron.com 4
linda.noske@enron.com tana.jones@enron.com 4
linda.noske@enron.com teresa.bushman@enron.com 4
linda.noske@enron.com travis.mccullough@enron.com 4
linda.noske@enron.com twanda.sweet@enron.com 4
linda.noske@enron.com wayne.gresham@enron.com 4
brent.hendry@enron.com dale.neuner@enron.com 2
brent.hendry@enron.com david.minns@enron.com 2
brent.hendry@enron.com john.suttle@enron.com 2
brent.hendry@enron.com john.viverito@enron.com 2
brent.hendry@enron.com jonathan.whitehead@enron.com 2
brent.hendry@enron.com mark.taylor@enron.com 2
brent.hendry@enron.com susan.musch@enron.com 2
carol.clair@enron.com mark.taylor@enron.com 12
carol.clair@enron.com suzanne.adams@enron.com 2
dan.lyons@enron.com mark.haedicke@enron.com 2
dan.lyons@enron.com richard.sanders@enron.com 2
debra.perlingiere@enron.com russell.diamond@enron.com 2
debra.perlingiere@enron.com genia.fitzgerald@enron.com 2
debra.perlingiere@enron.com bngas@earthlink.net 2
genia.fitzgerald@enron.com marie.heard@enron.com 2
genia.fitzgerald@enron.com tana.jones@enron.com 4
gerald.nemec@enron.com brian.bierbach@enron.com 4
gerald.nemec@enron.com ken.choyce@enron.com 2
gerald.nemec@enron.com shonnie.daniel@enron.com 6
gerald.nemec@enron.com kckrisa@apex2000.net 4
gerald.nemec@enron.com bates@tristategt.org 4
gerald.nemec@enron.com kgreen@tristategt.org 2
gerald.nemec@enron.com mark.courtney@enron.com 2
gerald.nemec@enron.com rstribling@tristategt.orgj 2
gerald.nemec@enron.com susan.scott@enron.com 2
gerald.nemec@enron.com rstribling@tristategt.org 2
gerald.nemec@enron.com jbates@tristategt.org 2
gerald.nemec@enron.com dan.bump@enron.com 2
gerald.nemec@enron.com joan.quick@enron.com 2
gerald.nemec@enron.com scott.josey@enron.com 2
gerald.nemec@enron.com charles.varnell@enron.com 2
gerald.nemec@enron.com cris.sherman@enron.com 2
gerald.nemec@enron.com don.baldridge@enron.com 2
gerald.nemec@enron.com eva.neufeld@enron.com 2
gerald.nemec@enron.com jim.coffey@enron.com 2
gerald.nemec@enron.com karry.kendall@enron.com 2
gerald.nemec@enron.com katie.stowers@enron.com 2
gerald.nemec@enron.com mark.whitt@enron.com 2
gerald.nemec@enron.com ranabir.dutt@enron.com 2
gerald.nemec@enron.com rhett.jackson@enron.com 2
gerald.nemec@enron.com tyrell.harrison@enron.com 2
gerald.nemec@enron.com eric.gillaspie@enron.com 2
laurie.mayer@enron.com mark.taylor@enron.com 3
mark.haedicke@enron.com rob.milnthorp@enron.com 2
mark.haedicke@enron.com david.delainey@enron.com 2
mark.haedicke@enron.com mark.frevert@enron.com 2
mark.haedicke@enron.com wes.colwell@enron.com 2
mark.haedicke@enron.com jeffrey.hodge@enron.com 2
mark.haedicke@enron.com dakotaleg@aol.com 2
mark.haedicke@enron.com mark.evans@enron.com 2
mark.haedicke@enron.com rainslie@isda.org 2
mark.haedicke@enron.com robert.williams@enron.com 2
mark.haedicke@enron.com peter.keohane@enron.com 2
mark.haedicke@enron.com jklauber@llgm.com 2
shonnie.daniel@enron.com brian.bierbach@enron.com 2
shonnie.daniel@enron.com charles.varnell@enron.com 2
shonnie.daniel@enron.com cris.sherman@enron.com 2
shonnie.daniel@enron.com don.baldridge@enron.com 2
shonnie.daniel@enron.com gerald.nemec@enron.com 6
shonnie.daniel@enron.com hhaltom@andrews-kurth.com 2
shonnie.daniel@enron.com jim.coffey@enron.com 2
shonnie.daniel@enron.com karry.kendall@enron.com 2
shonnie.daniel@enron.com katie.stowers@enron.com 2
shonnie.daniel@enron.com mark.whitt@enron.com 2
shonnie.daniel@enron.com michelle.cash@enron.com 2
shonnie.daniel@enron.com ranabir.dutt@enron.com 2
shonnie.daniel@enron.com rhett.jackson@enron.com 2
shonnie.daniel@enron.com robtaylor@andrews-kurth.com 2
shonnie.daniel@enron.com tyrell.harrison@enron.com 2
brant.reves@enron.com samantha.boyd@enron.com 8
brant.reves@enron.com souad.mahmassani@enron.com 4
brant.reves@enron.com stephanie.panus@enron.com 8
brant.reves@enron.com susan.bailey@enron.com 8
brant.reves@enron.com tana.jones@enron.com 8
greg.whalley@enron.com rick.buy@enron.com 3
greg.whalley@enron.com phil.clifford@enron.com 3
shirley.crenshaw@enron.com grant.masson@enron.com 2
shirley.crenshaw@enron.com kevin.kindall@enron.com 2
shirley.crenshaw@enron.com tanya.tamarchenko@enron.com 2
shirley.crenshaw@enron.com valeria.i.stone@exxon.sprint.com 2
shirley.crenshaw@enron.com vince.kaminski@enron.com 2
tanya.tamarchenko@enron.com vince.kaminski@enron.com 2
jeanette.doll@enron.com albert.hernandez@enron.com 3
jeanette.doll@enron.com audrey.robertson@enron.com 3
jeanette.doll@enron.com beverly.miller@enron.com 3
jeanette.doll@enron.com bob.burleson@enron.com 3
jeanette.doll@enron.com christine.stokes@enron.com 3
jeanette.doll@enron.com cynthia.rivers@enron.com 3
jeanette.doll@enron.com darrell.schoolcraft@enron.com 3
jeanette.doll@enron.com drew.fossum@enron.com 3
jeanette.doll@enron.com garvin.jobs@enron.com 3
jeanette.doll@enron.com james.harvey@enron.com 3
jeanette.doll@enron.com jeanette.doll@enron.com 3
jeanette.doll@enron.com jeffery.fawcett@enron.com 3
jeanette.doll@enron.com john.buchanan@enron.com 3
jeanette.doll@enron.com julia.white@enron.com 3
jeanette.doll@enron.com kathy.washington@enron.com 3
jeanette.doll@enron.com kevin.hyatt@enron.com 3
jeanette.doll@enron.com linda.ward@enron.com 3
jeanette.doll@enron.com lindy.donoho@enron.com 3
jeanette.doll@enron.com lorraine.lindberg@enron.com 3
jeanette.doll@enron.com lynn.blair@enron.com 3
jeanette.doll@enron.com mansoor.abdmoulaie@enron.com 3
jeanette.doll@enron.com martha.cormier@enron.com 3
jeanette.doll@enron.com mary.miller@enron.com 3
jeanette.doll@enron.com michele.lokay@enron.com 3
jeanette.doll@enron.com michel.nelson@enron.com 3
jeanette.doll@enron.com ramona.betancourt@enron.com 3
jeanette.doll@enron.com rick.dietz@enron.com 3
jeanette.doll@enron.com ronald.matthews@enron.com 3
jeanette.doll@enron.com sheila.nacey@enron.com 3
jeanette.doll@enron.com steve.gilbert@enron.com 3
jeanette.doll@enron.com steven.harris@enron.com 3
jeanette.doll@enron.com steven.january@enron.com 3
jeanette.doll@enron.com teresa.mcomber@enron.com 3
jeanette.doll@enron.com terry.galassini@enron.com 3
jeanette.doll@enron.com terry.kowalke@enron.com 3
jeanette.doll@enron.com therese.lohman@enron.com 3
jeanette.doll@enron.com william.banks@enron.com 3
chmoore1@email.msn.com kenneth.lay@enron.com 3
russell.diamond@enron.com sara.shackleton@enron.com 6
mike.carson@enron.com jeannie.beebe@ac.com 3
mike.carson@enron.com sjbeebe@donohue.ca 3
eric.bass@enron.com peter.keavey@enron.com 7
peter.keavey@enron.com eric.bass@enron.com 3
kedson@ns.net bellery@spi-ind.com 2
kedson@ns.net bhansen@lhom.com 2
kedson@ns.net billw@calpine.com 2
kedson@ns.net blevake@syix.com 2
kedson@ns.net cabaker@duke-energy.com 2
kedson@ns.net caltech@ns.net 2
kedson@ns.net cjrudman@softcom.net 2
kedson@ns.net curt.hatton@gen.pge.com 2
kedson@ns.net curtis_l_kebler@reliantenergy.com 2
kedson@ns.net dnke@dynegy.com 2
kedson@ns.net dparque@ect.enron.com 2
kedson@ns.net duanenelsen@msn.com 2
kedson@ns.net ed.tomeo@uaecorp.com 2
kedson@ns.net eileenk@calpine.com 2
kedson@ns.net elliottsa@earthlink.net 2
kedson@ns.net emaddox@seawestwindpower.com 2
kedson@ns.net fderosa@sanfrancisco.usgen.com 2
kedson@ns.net gtbl@dynegy.com 2
kedson@ns.net hgovenar@govadv.com 2
kedson@ns.net jackp@calpine.com 2
kedson@ns.net jdasovic@enron.com 2
kedson@ns.net jmball@ns.net 2
kedson@ns.net joe.greco@uaecorp.com 2
kedson@ns.net joer@calpine.com 2
kedson@ns.net john_h_stout@reliantenergy.com 2
kedson@ns.net jweisgall@aol.com 2
kedson@ns.net kaplan@iepa.com 2
kedson@ns.net kelly@hnks.com 2
kedson@ns.net kfickett@usgen.com 2
kedson@ns.net lale@dynegy.com 2
kedson@ns.net marty_mcfadden@ogden-energy.com 2
kedson@ns.net mrmonagan@aol.com 2
kedson@ns.net paula_soos@ogden-energy.com 2
kedson@ns.net rboyd@enron.com 2
kedson@ns.net riobravogm@aol.com 2
kedson@ns.net rllamkin@seiworldwide.com 2
kedson@ns.net robbiz@cwo.com 2
kedson@ns.net rpelote@energy.twc.com 2
kedson@ns.net rtom@govadv.com 2
kedson@ns.net rwhyde@duke-energy.com 2
kedson@ns.net sfmccabe@mindspring.com 2
kedson@ns.net sgovenar@govadv.com 2
kedson@ns.net smara@enron.com 2
kedson@ns.net smccubbi@ees.enron.com 2
kedson@ns.net smutny@iepa.com 2
kedson@ns.net stephanie-newell@reliantenergy.com 2
kedson@ns.net steven@iepa.com 2
kedson@ns.net steve_ponder@fpl.com 2
kedson@ns.net taschehoug@thermoecotek.com 2
kedson@ns.net twetzel@thermoecotek.com 2
kedson@ns.net wfhall2@duke-energy.com 2
kedson@ns.net william_carlson@wastemanagement.com 2
robert.hemstock@enron.com aleck.dadson@enron.com 2
robert.hemstock@enron.com awm@blakes.com 2
robert.hemstock@enron.com dwm@blakes.com 2
robert.hemstock@enron.com eric.thode@enron.com 2
robert.hemstock@enron.com glenn.leslie@blakes.com 2
robert.hemstock@enron.com jeffrey.hodge@enron.com 2
robert.hemstock@enron.com mark.haedicke@enron.com 2
robert.hemstock@enron.com mark.palmer@enron.com 2
robert.hemstock@enron.com peter.keohane@enron.com 2
robert.hemstock@enron.com richard.sanders@enron.com 2
robert.hemstock@enron.com richard.shapiro@enron.com 2
robert.hemstock@enron.com robert.hemstock@enron.com 2
robert.hemstock@enron.com rob.milnthorp@enron.com 2
robert.hemstock@enron.com steven.kean@enron.com 7
glenn.leslie@blakes.com aleck.dadson@enron.com 8
glenn.leslie@blakes.com dalton.mcgrath@blakes.com 8
glenn.leslie@blakes.com eric.thode@enron.com 8
glenn.leslie@blakes.com jeffrey.t.hodge@enron.com 8
glenn.leslie@blakes.com mark.e.haedicke@enron.com 8
glenn.leslie@blakes.com mark.palmer@enron.com 8
glenn.leslie@blakes.com peter.keohane@enron.com 8
glenn.leslie@blakes.com richard.b.sanders@enron.com 8
glenn.leslie@blakes.com richard.shapiro@enron.com 8
glenn.leslie@blakes.com robert.hemstock@enron.com 8
glenn.leslie@blakes.com rob.milnthorp@enron.com 8
glenn.leslie@blakes.com steven.j.kean@enron.com 8
glenn.leslie@blakes.com web.macdonald@blakes.com 8
jeffrey.shankman@enron.com vince.kaminski@enron.com 2
mjones7@txu.com ami.chokshi@enron.com 9
mjones7@txu.com carlos.j.rodriguez@enron.com 6
mjones7@txu.com cstone1@txu.com 9
mjones7@txu.com daren.j.farmer@enron.com 9
mjones7@txu.com earl.tisdale@enron.com 9
mjones7@txu.com gary.a.hanks@enron.com 9
mjones7@txu.com ggreen2@txu.com 9
mjones7@txu.com timpowell@txu.com 9
mjones7@txu.com kenenglish@txu.com 3
amosher@appanet.org amosher@appanet.org 2
amosher@appanet.org doornbos@socrates.berkeley.edu 2
amosher@appanet.org gramlr@pjm.com 2
amosher@appanet.org hcameron@uclink.berkeley.edu 2
amosher@appanet.org jeff.dasovich@enron.com 2
amosher@appanet.org lfried@uclink.berkeley.edu 2
amosher@appanet.org whederman@columbiaenergygroup.com 2
kckrisa@apex2000.net dan.j.bump@enron.com 2
kckrisa@apex2000.net gerald.nemec@enron.com 2
kckrisa@apex2000.net mwhitt@enron.com 2
phillip.love@enron.com larry.hunter@enron.com 3
larry.hunter@enron.com kevin.meredith@enron.com 2
larry.hunter@enron.com tana.jones@enron.com 2
ginger.dernehl@enron.com alberto.levy@enron.com 2
ginger.dernehl@enron.com aleck.dadson@enron.com 2
ginger.dernehl@enron.com allison.navin@enron.com 2
ginger.dernehl@enron.com amy.fabian@enron.com 2
ginger.dernehl@enron.com assad@elektro.com.br 2
ginger.dernehl@enron.com barbara.hueter@enron.com 2
ginger.dernehl@enron.com becky.merola@enron.com 2
ginger.dernehl@enron.com bernadette.hawkins@enron.com 2
ginger.dernehl@enron.com bill.moore@enron.com 2
ginger.dernehl@enron.com bruno.gaillard@enron.com 2
ginger.dernehl@enron.com carolyn.cooney@enron.com 2
ginger.dernehl@enron.com cecilia.morellato@enron.com 2
ginger.dernehl@enron.com charles.yeung@enron.com 2
ginger.dernehl@enron.com chauncey.hood@enron.com 2
ginger.dernehl@enron.com chris.long@enron.com 2
ginger.dernehl@enron.com christi.nicolay@enron.com 2
ginger.dernehl@enron.com cristinah@elektro.com.br 2
ginger.dernehl@enron.com cynthia.sandherr@enron.com 2
ginger.dernehl@enron.com damon.harvey@enron.com 2
ginger.dernehl@enron.com daniel.allegretti@enron.com 2
ginger.dernehl@enron.com dan.staines@enron.com 2
ginger.dernehl@enron.com donald.lassere@enron.com 2
ginger.dernehl@enron.com donna.fulton@enron.com 2
ginger.dernehl@enron.com eidy.catala@transredes.com 2
ginger.dernehl@enron.com frank.rishe@enron.com 2
ginger.dernehl@enron.com geriann.warner@enron.com 2
ginger.dernehl@enron.com ginger.dernehl@enron.com 2
ginger.dernehl@enron.com gisele.braz@enron.com 2
ginger.dernehl@enron.com gloria.ogenyi@enron.com 2
ginger.dernehl@enron.com gloria.solis@enron.com 2
ginger.dernehl@enron.com guillermo.canovas@enron.com 2
ginger.dernehl@enron.com hap.boyd@enron.com 2
ginger.dernehl@enron.com harry.kingerski@enron.com 2
ginger.dernehl@enron.com howard.fromer@enron.com 2
ginger.dernehl@enron.com janine.migden@enron.com 2
ginger.dernehl@enron.com javier.pantoja@transredes.com 2
ginger.dernehl@enron.com jean.dressler@enron.com 2
ginger.dernehl@enron.com jeff.brown@enron.com 2
ginger.dernehl@enron.com jeff.dasovich@enron.com 2
ginger.dernehl@enron.com joe.allen@enron.com 2
ginger.dernehl@enron.com joe.hartsoe@enron.com 2
ginger.dernehl@enron.com joe.hillings@enron.com 2
ginger.dernehl@enron.com jose.bestard@enron.com 2
ginger.dernehl@enron.com joseph.alamo@enron.com 2
ginger.dernehl@enron.com jose.reis@enron.com 2
ginger.dernehl@enron.com jpr@ceibo.entelnet.bo 2
ginger.dernehl@enron.com kerry.stroup@enron.com 2
ginger.dernehl@enron.com kikumi.kishigami@enron.com 2
ginger.dernehl@enron.com lara.leibman@enron.com 2
ginger.dernehl@enron.com laurie.knight@enron.com 2
ginger.dernehl@enron.com leslie.lawner@enron.com 2
ginger.dernehl@enron.com linda.sietzema@enron.com 2
ginger.dernehl@enron.com lindolfo.paixao@enron.com 2
ginger.dernehl@enron.com lisa.yoho@enron.com 2
ginger.dernehl@enron.com lora.sullivan@enron.com 2
ginger.dernehl@enron.com luiz.maurer@enron.com 2
ginger.dernehl@enron.com lysa.akin@enron.com 2
ginger.dernehl@enron.com marchris.robinson@enron.com 2
ginger.dernehl@enron.com marcie.milner@enron.com 2
ginger.dernehl@enron.com mary.hain@enron.com 2
ginger.dernehl@enron.com maureen.mcvicker@enron.com 2
ginger.dernehl@enron.com mike.smith@enron.com 2
ginger.dernehl@enron.com mona.petrochko@enron.com 2
ginger.dernehl@enron.com nancy.hetrick@enron.com 2
ginger.dernehl@enron.com patrick.keene@enron.com 2
ginger.dernehl@enron.com paul.kaufman@enron.com 2
ginger.dernehl@enron.com ray.alvarez@transredes.com 2
ginger.dernehl@enron.com ricardo.charvel@enron.com 2
ginger.dernehl@enron.com richard.ingersoll@enron.com 2
ginger.dernehl@enron.com richard.shapiro@enron.com 2
ginger.dernehl@enron.com robert.frank@enron.com 2
ginger.dernehl@enron.com robert.hemstock@enron.com 2
ginger.dernehl@enron.com robert.neustaedter@enron.com 2
ginger.dernehl@enron.com robin.kittel@enron.com 2
ginger.dernehl@enron.com ron.mcnamara@enron.com 2
ginger.dernehl@enron.com roy.boston@enron.com 2
ginger.dernehl@enron.com rubena.buerger@enron.com 2
ginger.dernehl@enron.com sandra.mccubbin@enron.com 2
ginger.dernehl@enron.com sarah.novosel@enron.com 2
ginger.dernehl@enron.com scott.bolton@enron.com 2
ginger.dernehl@enron.com sharon.eley@enron.com 2
ginger.dernehl@enron.com sheila.petitt@enron.com 2
ginger.dernehl@enron.com stephen.burns@enron.com 2
ginger.dernehl@enron.com steve.montovano@enron.com 2
ginger.dernehl@enron.com steven.kean@enron.com 2
ginger.dernehl@enron.com steve.walton@enron.com 2
ginger.dernehl@enron.com sue.nord@enron.com 2
ginger.dernehl@enron.com susana.del.castillo@transredes.com 2
ginger.dernehl@enron.com susan.landwehr@enron.com 2
ginger.dernehl@enron.com susan.mara@enron.com 2
ginger.dernehl@enron.com terri.miller@enron.com 2
ginger.dernehl@enron.com thane.twiggs@enron.com 2
ginger.dernehl@enron.com tom.briggs@enron.com 2
ginger.dernehl@enron.com tom.chapman@enron.com 2
ginger.dernehl@enron.com tom.delaney@enron.com 2
ginger.dernehl@enron.com tom.hoatson@enron.com 2
ginger.dernehl@enron.com tracy.cooper@enron.com 2
ginger.dernehl@enron.com valeria.lima@enron.com 2
ginger.dernehl@enron.com vinio.floris@enron.com 2
ginger.dernehl@enron.com xi_xi@enron.net 2
bruno.gaillard@enron.com jeff.dasovich@enron.com 14
bruno.gaillard@enron.com harry.kingerski@enron.com 12
bruno.gaillard@enron.com james.steffes@enron.com 12
bruno.gaillard@enron.com mona.petrochko@enron.com 12
bruno.gaillard@enron.com paul.kaufman@enron.com 12
bruno.gaillard@enron.com richard.shapiro@enron.com 12
bruno.gaillard@enron.com sandra.mccubbin@enron.com 12
bruno.gaillard@enron.com steven.kean@enron.com 12
bruno.gaillard@enron.com susan.mara@enron.com 12
bruno.gaillard@enron.com thane.twiggs@enron.com 12
marcie.milner@enron.com bob.hansen@enron.com 2
marcie.milner@enron.com bruno.gaillard@enron.com 2
marcie.milner@enron.com chris.foster@enron.com 2
marcie.milner@enron.com jeff.dasovich@enron.com 2
marcie.milner@enron.com kim.ward@enron.com 2
marcie.milner@enron.com mary.hain@enron.com 2
marcie.milner@enron.com mona.petrochko@enron.com 2
marcie.milner@enron.com paul.choi@enron.com 2
marcie.milner@enron.com paul.kaufman@enron.com 2
marcie.milner@enron.com roger.yang@enron.com 2
marcie.milner@enron.com susan_j_mara@enron.com 2
tracy.cooper@enron.com jeff.dasovich@enron.com 2
tracy.cooper@enron.com richard.shapiro@enron.com 2
joseph.sutton@enron.com john.garrison@enron.com 3
joseph.sutton@enron.com pam.benson@enron.com 3
public.relations@enron.com all.houston@enron.com 5
hkingers@enron.com gavin.dillingham.enron_development.enron@enron.com 6
hkingers@enron.com jdasovic@enron.com 6
hkingers@enron.com jsteffe@enron.com 6
hkingers@enron.com mpetroch@enron.com 6
hkingers@enron.com rshapiro@enron.com 6
hkingers@enron.com smara@enron.com 6
hkingers@enron.com smccubbi@enron.com 6
hkingers@enron.com steven.j.kean@enron.com 6
smccubbi@enron.com steven.j.kean@enron.com 5
liz.taylor@enron.com don.black@enron.com 3
vance@gvtucker.com richard.b.sanders@enron.com 2
brad.mckay@enron.com naturalgas@cantor.com 3
tom@mantires.com richard.sanders@enron.com 2
tom@mantires.com vance@gvtucker.com 2
larry.campbell@enron.com max.brown@enron.com 3
ted.murphy@enron.com mike.jordan@enron.com 4
ted.murphy@enron.com sally.beck@enron.com 4
mike.jordan@enron.com david.port@enron.com 3
mike.jordan@enron.com fernley.dyson@enron.com 3
mike.jordan@enron.com sally.beck@enron.com 6
mike.jordan@enron.com ted.murphy@enron.com 3
gary.taylor@enron.com gary.lamphier@enron.com 3
gary.taylor@enron.com greg.martin@enron.com 3
gary.taylor@enron.com jeffrey.gossett@enron.com 3
gary.taylor@enron.com mark.friedman@enron.com 3
gary.taylor@enron.com martin.cuilla@enron.com 3
gary.taylor@enron.com mike.morris@enron.com 3
gary.taylor@enron.com scott.earnest@enron.com 3
gary.taylor@enron.com tony.harris@enron.com 3
gary.taylor@enron.com william.kasemervisz@enron.com 3
greg.martin@enron.com gary.lamphier@enron.com 3
greg.martin@enron.com gary.taylor@enron.com 3
greg.martin@enron.com jeffrey.gossett@enron.com 3
greg.martin@enron.com mark.friedman@enron.com 3
greg.martin@enron.com martin.cuilla@enron.com 3
greg.martin@enron.com mike.morris@enron.com 3
greg.martin@enron.com scott.earnest@enron.com 3
greg.martin@enron.com tony.harris@enron.com 3
greg.martin@enron.com william.kasemervisz@enron.com 3
jeffrey.gossett@enron.com gary.lamphier@enron.com 3
jeffrey.gossett@enron.com gary.taylor@enron.com 3
jeffrey.gossett@enron.com greg.martin@enron.com 3
jeffrey.gossett@enron.com mark.friedman@enron.com 3
jeffrey.gossett@enron.com martin.cuilla@enron.com 3
jeffrey.gossett@enron.com mike.morris@enron.com 3
jeffrey.gossett@enron.com scott.earnest@enron.com 3
jeffrey.gossett@enron.com tony.harris@enron.com 3
jeffrey.gossett@enron.com william.kasemervisz@enron.com 3
tony.harris@enron.com gary.lamphier@enron.com 3
tony.harris@enron.com gary.taylor@enron.com 3
tony.harris@enron.com greg.martin@enron.com 3
tony.harris@enron.com jeffrey.gossett@enron.com 3
tony.harris@enron.com mark.friedman@enron.com 3
tony.harris@enron.com martin.cuilla@enron.com 3
tony.harris@enron.com mike.morris@enron.com 3
tony.harris@enron.com scott.earnest@enron.com 3
tony.harris@enron.com william.kasemervisz@enron.com 3
william.kasemervisz@enron.com gary.lamphier@enron.com 3
william.kasemervisz@enron.com gary.taylor@enron.com 3
william.kasemervisz@enron.com greg.martin@enron.com 3
william.kasemervisz@enron.com jeffrey.gossett@enron.com 3
william.kasemervisz@enron.com mark.friedman@enron.com 3
william.kasemervisz@enron.com martin.cuilla@enron.com 3
william.kasemervisz@enron.com mike.morris@enron.com 3
william.kasemervisz@enron.com scott.earnest@enron.com 3
william.kasemervisz@enron.com tony.harris@enron.com 3
william.kasemervisz@enron.com william.kasemervisz@enron.com 3
gauri.khokha@enron.com april.hrach@enron.com 2
gauri.khokha@enron.com bruno.gaillard@enron.com 2
gauri.khokha@enron.com cristina.zavala@enron.com 2
gauri.khokha@enron.com david.kates@enron.com 2
gauri.khokha@enron.com david.parquet@enron.com 2
gauri.khokha@enron.com dean.russell@enron.com 2
gauri.khokha@enron.com gauri.khokha@enron.com 2
gauri.khokha@enron.com jeff.dasovich@enron.com 2
gauri.khokha@enron.com joseph.alamo@enron.com 2
gauri.khokha@enron.com karen.jones@enron.com 2
gauri.khokha@enron.com laird.dyer@enron.com 2
gauri.khokha@enron.com mark.fillinger@enron.com 2
gauri.khokha@enron.com mona.petrochko@enron.com 2
gauri.khokha@enron.com rob.bakondy@enron.com 2
gauri.khokha@enron.com roger.yang@enron.com 2
gauri.khokha@enron.com ron.coker@enron.com 2
gauri.khokha@enron.com ryan.deane@enron.com 2
gauri.khokha@enron.com samuel.wehn@enron.com 2
gauri.khokha@enron.com sandra.mccubbin@enron.com 2
gauri.khokha@enron.com susan.mara@enron.com 2
gauri.khokha@enron.com vicky.ha@enron.com 2
gauri.khokha@enron.com victor.browner@enron.com 2
gauri.khokha@enron.com wcheng@haas.berkeley.edu 2
fred.mitro@enron.com ben.jacoby@enron.com 3
fred.mitro@enron.com bruce.sukaly@enron.com 3
fred.mitro@enron.com gregg.penman@enron.com 3
fred.mitro@enron.com herman.manis@enron.com 3
fred.mitro@enron.com kay.mann@enron.com 3
fred.mitro@enron.com rusty.stevens@enron.com 3
fred.mitro@enron.com scott.healy@enron.com 3
fred.mitro@enron.com stephen.plauche@enron.com 3
mary.solmonson@enron.com hector.mcloughlin@enron.com 7
mary.solmonson@enron.com sally.beck@enron.com 7
mary.solmonson@enron.com sheila.walton@enron.com 3
matthew.dawson@enron.com sara.shackleton@enron.com 2
adrial.boals@enron.com alex.saldana@enron.com 3
adrial.boals@enron.com avril.forster@enron.com 3
adrial.boals@enron.com betty.coneway@enron.com 3
adrial.boals@enron.com bill.hare@enron.com 3
adrial.boals@enron.com bob.klein@enron.com 3
adrial.boals@enron.com brenda.flores-cuellar@enron.com 3
adrial.boals@enron.com brenda.herod@enron.com 3
adrial.boals@enron.com brent.price@enron.com 3
adrial.boals@enron.com bryce.baxter@enron.com 3
adrial.boals@enron.com carolyn.gilley@enron.com 3
adrial.boals@enron.com carrie.hollomon@enron.com 3
adrial.boals@enron.com cecilia.olvera@enron.com 3
adrial.boals@enron.com chantelle.villanueva@enron.com 3
adrial.boals@enron.com cheryl.king@enron.com 3
adrial.boals@enron.com connie.sutton@enron.com 3
adrial.boals@enron.com dale.neuner@enron.com 3
adrial.boals@enron.com dan.houston@enron.com 3
adrial.boals@enron.com daren.farmer@enron.com 3
adrial.boals@enron.com david.baumbach@enron.com 3
adrial.boals@enron.com david.oliver@enron.com 3
adrial.boals@enron.com d.hall@enron.com 3
adrial.boals@enron.com diane.cook@enron.com 3
adrial.boals@enron.com donna.greif@enron.com 3
adrial.boals@enron.com dorothy.ricketts@enron.com 3
adrial.boals@enron.com edward.terry@enron.com 3
adrial.boals@enron.com eugenio.perez@enron.com 3
adrial.boals@enron.com george.smith@enron.com 3
adrial.boals@enron.com heather.choate@enron.com 3
adrial.boals@enron.com irene.flynn@enron.com 3
adrial.boals@enron.com jefferson.sorenson@enron.com 3
adrial.boals@enron.com jeffrey.gossett@enron.com 3
adrial.boals@enron.com john.jacobsen@enron.com 3
adrial.boals@enron.com juanita.marchand@enron.com 3
adrial.boals@enron.com judy.barnes@enron.com 3
adrial.boals@enron.com katherine.kelly@enron.com 3
adrial.boals@enron.com kathryn.cordes@enron.com 3
adrial.boals@enron.com kim.ladish@enron.com 3
adrial.boals@enron.com kim.theriot@enron.com 3
adrial.boals@enron.com kim.weldon@enron.com 3
adrial.boals@enron.com kristin.albrecht@enron.com 3
adrial.boals@enron.com leslie.reeves@enron.com 3
adrial.boals@enron.com lisa.csikos@enron.com 3
adrial.boals@enron.com maria.sandoval@enron.com 3
adrial.boals@enron.com marvia.jefferson@enron.com 3
adrial.boals@enron.com mary.comello@enron.com 3
adrial.boals@enron.com mary.gosnell@enron.com 3
adrial.boals@enron.com mary.smith@enron.com 3
adrial.boals@enron.com mary.solmonson@enron.com 3
adrial.boals@enron.com michael.eiben@enron.com 3
adrial.boals@enron.com michael.moscoso@enron.com 3
adrial.boals@enron.com pat.clynes@enron.com 3
adrial.boals@enron.com randall.gay@enron.com 3
adrial.boals@enron.com rita.wynne@enron.com 3
adrial.boals@enron.com robert.superty@enron.com 3
adrial.boals@enron.com roy.lipsett@enron.com 3
adrial.boals@enron.com sandra.mcnichols@enron.com 3
adrial.boals@enron.com sheri.thomas@enron.com 3
adrial.boals@enron.com steve.jackson@enron.com 3
adrial.boals@enron.com susan.harrison@enron.com 3
adrial.boals@enron.com thresa.allen@enron.com 3
adrial.boals@enron.com william.kelly@enron.com 3
adrial.boals@enron.com yolanda.ford@enron.com 3
adrial.boals@enron.com yvette.connevey@enron.com 3
anna.mehrer@enron.com debra.davidson@enron.com 3
anna.mehrer@enron.com grace.rodriguez@enron.com 3
anna.mehrer@enron.com jessica.burry@enron.com 3
anna.mehrer@enron.com kate.symes@enron.com 3
anna.mehrer@enron.com kathy.axford@enron.com 3
anna.mehrer@enron.com lysa.akin@enron.com 3
anna.mehrer@enron.com mollie.gustafson@enron.com 3
anna.mehrer@enron.com teri.whitcomb@enron.com 3
anna.mehrer@enron.com wendy.aiello@enron.com 3
jackie.morgan@enron.com eric.gillaspie@enron.com 2
jackie.morgan@enron.com gerald.nemec@enron.com 2
jackie.morgan@enron.com kimberlee.bennick@enron.com 2
jackie.morgan@enron.com lauri.allen@enron.com 2
christopher.watts@enron.com benjamin.rogers@enron.com 6
christopher.watts@enron.com chip.schneider@enron.com 3
christopher.watts@enron.com chris.booth@enron.com 6
christopher.watts@enron.com christopher.watts@enron.com 6
christopher.watts@enron.com mitch.robinson@enron.com 6
patrice.mims@enron.com karen_merrill@mudnebr.com 3
george.mcclellan@enron.com daniel.reck@enron.com 2
george.mcclellan@enron.com jeffrey.shankman@enron.com 2
george.mcclellan@enron.com kevin.mcgowan@enron.com 2
george.mcclellan@enron.com michael.beyer@enron.com 2
george.mcclellan@enron.com mike.mcconnell@enron.com 2
george.mcclellan@enron.com stuart.staley@enron.com 2
george.mcclellan@enron.com tom.kearney@enron.com 2
matthew.berry@enron.com allen.wilhite@enron.com 2
matthew.berry@enron.com barry.schnapper@enron.com 2
matthew.berry@enron.com barton.clark@enron.com 2
matthew.berry@enron.com bill.brown@enron.com 2
matthew.berry@enron.com brad.nebergall@enron.com 2
matthew.berry@enron.com brian.barto@enron.com 2
matthew.berry@enron.com darren.maloney@enron.com 2
matthew.berry@enron.com david.chang@enron.com 2
matthew.berry@enron.com david.parquet@enron.com 2
matthew.berry@enron.com davis.thames@enron.com 2
matthew.berry@enron.com don.miller@enron.com 2
matthew.berry@enron.com doug.mcdowell@enron.com 2
matthew.berry@enron.com erwin.landivar@enron.com 2
matthew.berry@enron.com gayle.muench@enron.com 2
matthew.berry@enron.com grant.zimmerman@enron.com 2
matthew.berry@enron.com greg.johnston@enron.com 2
matthew.berry@enron.com herman.manis@enron.com 2
matthew.berry@enron.com james.lewis@enron.com 2
matthew.berry@enron.com james.row@enron.com 2
matthew.berry@enron.com jim.buerkle@enron.com 2
matthew.berry@enron.com jody.pierce@enron.com 2
matthew.berry@enron.com jude.rolfes@enron.com 2
matthew.berry@enron.com kate.chaney@enron.com 2
matthew.berry@enron.com kay.mann@enron.com 2
matthew.berry@enron.com kelly.boots@enron.com 2
matthew.berry@enron.com kevin.ruscitti@enron.com 2
matthew.berry@enron.com matthew.gockerman@enron.com 2
matthew.berry@enron.com michael.kopper@enron.com 2
matthew.berry@enron.com mike.miller@enron.com 2
matthew.berry@enron.com morris.clark@enron.com 2
matthew.berry@enron.com patrick.maloy@enron.com 2
matthew.berry@enron.com paul.choi@enron.com 2
matthew.berry@enron.com raymond.bowen@enron.com 2
matthew.berry@enron.com robtaylor@andrews-kurth.com 2
matthew.berry@enron.com roger.ondreko@enron.com 2
matthew.berry@enron.com sarah.heineman@enron.com 2
matthew.berry@enron.com sheila.tweed@enron.com 2
matthew.berry@enron.com stuart.zisman@enron.com 2
matthew.berry@enron.com ted.noble@enron.com 2
matthew.berry@enron.com tim.despain@enron.com 2
phillip.allen@enron.com frank.ermis@enron.com 4
phillip.allen@enron.com mike.grigsby@enron.com 4
mike.grigsby@enron.com dale.neuner@enron.com 4
scott.neal@enron.com charlene.jackson@enron.com 3
arvel.martin@enron.com dan.bump@enron.com 2
arvel.martin@enron.com eric.wardle@enron.com 2
arvel.martin@enron.com gerald.nemec@enron.com 2
arvel.martin@enron.com joan.quick@enron.com 2
arvel.martin@enron.com scott.josey@enron.com 2
arvel.martin@enron.com steve.pruett@enron.com 2
arvel.martin@enron.com walt.hamilton@enron.com 2
christie.connell@enron.com patti.thompson@enron.com 3
christie.connell@enron.com sally.beck@enron.com 3
judy.hernandez@enron.com dora_thurmond@uniteddc.com 4
judy.hernandez@enron.com jennifer.cutaia@enron.com 4
judy.hernandez@enron.com jh306@netzero.net 4
judy.hernandez@enron.com suhernan@llgm.com 4
shona.wilson@enron.com sally.beck@enron.com 6
rsinger@uh.edu apgordon@uh.edu 3
rsinger@uh.edu bobcasey@uh.edu 3
rsinger@uh.edu rod.hayslett@enron.com 3
vanessa.groscrand@enron.com andrew.fastow@enron.com 3
vanessa.groscrand@enron.com bobbie.power@enron.com 3
vanessa.groscrand@enron.com bridget.maronge@enron.com 3
vanessa.groscrand@enron.com cathy.phillips@enron.com 3
vanessa.groscrand@enron.com christina.grow@enron.com 3
vanessa.groscrand@enron.com cindy.olson@enron.com 3
vanessa.groscrand@enron.com cindy.stark@enron.com 3
vanessa.groscrand@enron.com david.delainey@enron.com 3
vanessa.groscrand@enron.com david.haug@enron.com 3
vanessa.groscrand@enron.com dolores.fisher@enron.com 3
vanessa.groscrand@enron.com elaine.rodriguez@enron.com 3
vanessa.groscrand@enron.com greg.whalley@enron.com 3
vanessa.groscrand@enron.com jeffrey.mcmahon@enron.com 3
vanessa.groscrand@enron.com jeffrey.sherrick@enron.com 3
vanessa.groscrand@enron.com jeff.skilling@enron.com 3
vanessa.groscrand@enron.com j.metts@enron.com 3
vanessa.groscrand@enron.com john.sherriff@enron.com 3
vanessa.groscrand@enron.com judy.smith@enron.com 3
vanessa.groscrand@enron.com karen.heathman@enron.com 3
vanessa.groscrand@enron.com karen.owens@enron.com 3
vanessa.groscrand@enron.com kay.chapman@enron.com 3
vanessa.groscrand@enron.com kenneth.lay@enron.com 3
vanessa.groscrand@enron.com larry.izzo@enron.com 3
vanessa.groscrand@enron.com lauren.urquhart@enron.com 3
vanessa.groscrand@enron.com liz.taylor@enron.com 3
vanessa.groscrand@enron.com louise.kitchen@enron.com 3
vanessa.groscrand@enron.com lou.pai@enron.com 3
vanessa.groscrand@enron.com mary.garza@enron.com 3
vanessa.groscrand@enron.com maureen.mcvicker@enron.com 3
vanessa.groscrand@enron.com mike.mcconnell@enron.com 3
vanessa.groscrand@enron.com rebecca.mcdonald@enron.com 3
vanessa.groscrand@enron.com richard.dimichele@enron.com 3
vanessa.groscrand@enron.com rick.buy@enron.com 3
vanessa.groscrand@enron.com rosalee.fleming@enron.com 3
vanessa.groscrand@enron.com sherri.sera@enron.com 3
vanessa.groscrand@enron.com stanley.horton@enron.com 3
vanessa.groscrand@enron.com steven.kean@enron.com 3
vanessa.groscrand@enron.com sue.ford@enron.com 3
vanessa.groscrand@enron.com thomas.white@enron.com 3
james.new@enron.com bryan.seyfried@enron.com 3
james.new@enron.com charlie.cooke@enron.com 3
james.new@enron.com chris.abel@enron.com 3
james.new@enron.com coralie.evans@enron.com 3
james.new@enron.com david.gallagher@enron.com 3
james.new@enron.com david.port@enron.com 3
james.new@enron.com david.wall@enron.com 3
james.new@enron.com fernley.dyson@enron.com 3
james.new@enron.com graham.dunbar@enron.com 3
james.new@enron.com gregor.baumerich@enron.com 3
james.new@enron.com hugo.moreira@enron.com 3
james.new@enron.com ian.sloman@enron.com 3
james.new@enron.com joe.gold@enron.com 3
james.new@enron.com mary.thambiah@enron.com 3
james.new@enron.com matthew.scrimshaw@enron.com 3
james.new@enron.com mike.jordan@enron.com 3
james.new@enron.com mike.wellings@enron.com 3
james.new@enron.com orjan.agdesteen@enron.com 3
james.new@enron.com paul.darcy@enron.com 3
james.new@enron.com paul.mead@enron.com 3
james.new@enron.com raewyn.perkins@enron.com 3
james.new@enron.com richard.lewis@enron.com 3
james.new@enron.com robert.yeo@enron.com 3
james.new@enron.com sally.beck@enron.com 3
james.new@enron.com simon.hastings@enron.com 3
james.new@enron.com thor.lien@enron.com 3
michael.bodnar@enron.com albert.hernandez@enron.com 3
michael.bodnar@enron.com beverly.miller@enron.com 3
michael.bodnar@enron.com christine.stokes@enron.com 3
michael.bodnar@enron.com cynthia.rivers@enron.com 3
michael.bodnar@enron.com darrell.schoolcraft@enron.com 3
michael.bodnar@enron.com jeffery.fawcett@enron.com 3
michael.bodnar@enron.com kay.threet@enron.com 3
michael.bodnar@enron.com kevin.hyatt@enron.com 3
michael.bodnar@enron.com linda.ward@enron.com 3
michael.bodnar@enron.com lindy.donoho@enron.com 3
michael.bodnar@enron.com lorraine.lindberg@enron.com 3
michael.bodnar@enron.com martha.cormier@enron.com 3
michael.bodnar@enron.com michelle.lokay@enron.com 3
michael.bodnar@enron.com morgan.gottsponer@enron.com 3
michael.bodnar@enron.com randy.janzen@enron.com 3
michael.bodnar@enron.com steven.harris@enron.com 3
michael.bodnar@enron.com terry.galassini@enron.com 3
michael.bodnar@enron.com terry.kowalke@enron.com 3
michael.bodnar@enron.com tk.lohman@enron.com 3
andy.unverzagt@enron.com brad.blevins@enron.com 3
andy.unverzagt@enron.com cathy.phillips@enron.com 3
andy.unverzagt@enron.com mike.mcconnell@enron.com 3
andy.unverzagt@enron.com patrick.wade@enron.com 3
michael.mulligan@americas.bnpparibas.com tana.jones@enron.com 4
marlene.hilliard@enron.com eric.gillaspie@enron.com 2
marlene.hilliard@enron.com gerald.nemec@enron.com 2
marlene.hilliard@enron.com linda.bryan@enron.com 2
marlene.hilliard@enron.com sylvia.campos@enron.com 2
samer_takriti@enron.net bob.lee@enron.com 3
samer_takriti@enron.net cantekin@mail.utexas.edu 3
samer_takriti@enron.net chonawee.supatgiat@enron.com 3
samer_takriti@enron.net clayton.vernon@enron.com 3
samer_takriti@enron.net gappy@stanford.edu 3
samer_takriti@enron.net grant.masson@enron.com 3
samer_takriti@enron.net guiseppe.paleologo@enron.com 3
samer_takriti@enron.net kevin.g.moore@enron.com 3
samer_takriti@enron.net martin.lin@enron.com 3
samer_takriti@enron.net maureen.raymond@enron.com 3
samer_takriti@enron.net mike.a.roberts@enron.com 3
samer_takriti@enron.net osezgen@enron.com 3
samer_takriti@enron.net patricia.tlapek@enron.com 3
samer_takriti@enron.net paulo.issler@enron.com 3
samer_takriti@enron.net pinnamaneni.krishnarao@enron.com 3
samer_takriti@enron.net samer_takriti@enron.net 3
samer_takriti@enron.net shalesh.ganjoo@enron.com 3
samer_takriti@enron.net stinson.gibner@enron.com 3
samer_takriti@enron.net takriti@att.net 3
samer_takriti@enron.net tom.halliburton@enron.com 3
samer_takriti@enron.net vasant.shanbhogue@enron.com 3
samer_takriti@enron.net vince.j.kaminski@enron.com 3
samer_takriti@enron.net william.smith@enron.com 3
samer_takriti@enron.net zimin.lu@enron.com 3
velma.gallant@blakes.com glenn.leslie@blakes.com 2
velma.gallant@blakes.com peter.keohane@enron.com 2
velma.gallant@blakes.com richard.b.sanders@enron.com 2
velma.gallant@blakes.com robert.hemstock@enron.com 2
scott.vonderheide@enron.com cedric.burgher@enron.com 3
scott.vonderheide@enron.com jeff.skilling@enron.com 3
scott.vonderheide@enron.com joannie.williamson@enron.com 3
scott.vonderheide@enron.com joseph.sutton@enron.com 3
scott.vonderheide@enron.com kathryn.corbally@enron.com 3
scott.vonderheide@enron.com kenneth.lay@enron.com 3
scott.vonderheide@enron.com mark.koenig@enron.com 3
scott.vonderheide@enron.com pam.benson@enron.com 3
scott.vonderheide@enron.com paula.rieker@enron.com 3
scott.vonderheide@enron.com scott.vonderheide@enron.com 3
scott.vonderheide@enron.com yorleni.mendez@enron.com 3
julia.chin@enron.com sara.shackleton@enron.com 2
legalnotices-b@bounces.amazon.com mark.taylor@enron.com 3
gemanix@aol.com karla.feldman@enron.com 3
gemanix@aol.com vince.j.kaminski@enron.com 6
geynille.dillingham@enron.com andrea.reed@enron.com 3
geynille.dillingham@enron.com carol.marshall@enron.com 3
geynille.dillingham@enron.com cindy.olson@enron.com 3
geynille.dillingham@enron.com elizabeth.shim@enron.com 3
geynille.dillingham@enron.com grace.kim@enron.com 3
geynille.dillingham@enron.com jean.mrha@enron.com 3
geynille.dillingham@enron.com jennifer.fraser@enron.com 3
geynille.dillingham@enron.com kim.wilkie@enron.com 3
geynille.dillingham@enron.com mariella.mahan@enron.com 3
geynille.dillingham@enron.com michelle.cash@enron.com 3
geynille.dillingham@enron.com molly.hellerman@enron.com 3
geynille.dillingham@enron.com richard.schneider@enron.com 3
geynille.dillingham@enron.com sally.beck@enron.com 3
geynille.dillingham@enron.com stephanie.goldman@enron.com 3
lorna.brennan@enron.com allen.cohrs@enron.com 3
lorna.brennan@enron.com becki.souci@enron.com 3
lorna.brennan@enron.com bill.fowler@enron.com 3
lorna.brennan@enron.com bill.mangels@enron.com 3
lorna.brennan@enron.com bob.burleson@enron.com 3
lorna.brennan@enron.com bob.stevens@enron.com 3
lorna.brennan@enron.com bret.fritch@enron.com 3
lorna.brennan@enron.com bryan.reinecke@enron.com 3
lorna.brennan@enron.com carolyn.descoteaux@enron.com 3
lorna.brennan@enron.com chris.sebesta@enron.com 3
lorna.brennan@enron.com christine.stokes@enron.com 3
lorna.brennan@enron.com chuck.wilkinson@enron.com 3
lorna.brennan@enron.com courtney.barker@enron.com 3
lorna.brennan@enron.com craig.buehler@enron.com 3
lorna.brennan@enron.com dana.jones@enron.com 3
lorna.brennan@enron.com dave.neubauer@enron.com 3
lorna.brennan@enron.com david.badura@enron.com 3
lorna.brennan@enron.com david.marye@enron.com 3
lorna.brennan@enron.com donald.vignaroli@enron.com 3
lorna.brennan@enron.com donna.martens@enron.com 3
lorna.brennan@enron.com donna.scott@enron.com 3
lorna.brennan@enron.com don.powell@enron.com 3
lorna.brennan@enron.com doug.aschwege@enron.com 3
lorna.brennan@enron.com drew.fossum@enron.com 3
lorna.brennan@enron.com eileen.peebles@enron.com 3
lorna.brennan@enron.com frank.oldenhuis@enron.com 3
lorna.brennan@enron.com frank.semin@enron.com 3
lorna.brennan@enron.com gary.choquette@enron.com 3
lorna.brennan@enron.com gary.sova@enron.com 3
lorna.brennan@enron.com glen.hass@enron.com 3
lorna.brennan@enron.com janet.bowers@enron.com 3
lorna.brennan@enron.com jeffery.fawcett@enron.com 3
lorna.brennan@enron.com jeff.nielsen@enron.com 3
lorna.brennan@enron.com jim.wiltfong@enron.com 3
lorna.brennan@enron.com john.dushinske@enron.com 3
lorna.brennan@enron.com john.fiscus@enron.com 3
lorna.brennan@enron.com john.goodpasture@enron.com 3
lorna.brennan@enron.com john.williams@enron.com 3
lorna.brennan@enron.com joni.bollinger@enron.com 3
lorna.brennan@enron.com josie.call@enron.com 3
lorna.brennan@enron.com jo.williams@enron.com 3
lorna.brennan@enron.com judy.beck@enron.com 3
lorna.brennan@enron.com julia.white@enron.com 3
lorna.brennan@enron.com julie.mccoy@enron.com 3
lorna.brennan@enron.com karen.lagerstrom@enron.com 3
lorna.brennan@enron.com kay.threet@enron.com 3
lorna.brennan@enron.com keith.petersen@enron.com 3
lorna.brennan@enron.com ken.anderson@enron.com 3
lorna.brennan@enron.com ken.powers@enron.com 3
lorna.brennan@enron.com kent.miller@enron.com 3
lorna.brennan@enron.com kevin.hyatt@enron.com 3
lorna.brennan@enron.com kimberly.watson@enron.com 3
lorna.brennan@enron.com larry.pavlou@enron.com 3
lorna.brennan@enron.com larry.swett@enron.com 3
lorna.brennan@enron.com laura.lantefield@enron.com 3
lorna.brennan@enron.com ld.stephens@enron.com 3
lorna.brennan@enron.com lee.ferrell@enron.com 3
lorna.brennan@enron.com lindy.donoho@enron.com 3
lorna.brennan@enron.com lisa.valley@enron.com 3
lorna.brennan@enron.com lon.stanton@enron.com 3
lorna.brennan@enron.com loren.penkava@enron.com 3
lorna.brennan@enron.com lorraine.lindberg@enron.com 3
lorna.brennan@enron.com lynn.blair@enron.com 3
lorna.brennan@enron.com margaret.carson@enron.com 3
lorna.brennan@enron.com martha.janousek@enron.com 3
lorna.brennan@enron.com mary.darveaux@enron.com 3
lorna.brennan@enron.com mary.miller@enron.com 3
lorna.brennan@enron.com michael.bodnar@enron.com 3
lorna.brennan@enron.com michael.ratner@enron.com 3
lorna.brennan@enron.com michael.stage@enron.com 3
lorna.brennan@enron.com michele.winckowski@enron.com 3
lorna.brennan@enron.com michelle.lokay@enron.com 3
lorna.brennan@enron.com michel.nelson@enron.com 3
lorna.brennan@enron.com mike.barry@enron.com 3
lorna.brennan@enron.com mike.mcgowan@enron.com 3
lorna.brennan@enron.com mike.ullom@enron.com 3
lorna.brennan@enron.com miriam.martinez@enron.com 3
lorna.brennan@enron.com morgan.gottsponer@enron.com 3
lorna.brennan@enron.com neal.shaw@enron.com 3
lorna.brennan@enron.com penny.mccarran@enron.com 3
lorna.brennan@enron.com ranelle.paladino@enron.com 3
lorna.brennan@enron.com reyna.cabrera@enron.com 3
lorna.brennan@enron.com rick.dietz@enron.com 3
lorna.brennan@enron.com rita.bianchi@enron.com 3
lorna.brennan@enron.com robert.johnson@enron.com 3
lorna.brennan@enron.com robert.mason@enron.com 3
lorna.brennan@enron.com rob.wilson@enron.com 3
lorna.brennan@enron.com rockey.storie@enron.com 3
lorna.brennan@enron.com roger.westfall@enron.com 3
lorna.brennan@enron.com sarabeth.smith@enron.com 3
lorna.brennan@enron.com sean.bolks@enron.com 3
lorna.brennan@enron.com sheila.nacey@enron.com 3
lorna.brennan@enron.com shelley.corman@enron.com 3
lorna.brennan@enron.com stephanie.korbelik@enron.com 3
lorna.brennan@enron.com stephen.herber@enron.com 3
lorna.brennan@enron.com steve.gilbert@enron.com 3
lorna.brennan@enron.com steve.klimesh@enron.com 3
lorna.brennan@enron.com steven.harris@enron.com 3
lorna.brennan@enron.com steven.january@enron.com 3
lorna.brennan@enron.com steve.thomas@enron.com 3
lorna.brennan@enron.com steve.weller@enron.com 3
lorna.brennan@enron.com sue.neville@enron.com 3
lorna.brennan@enron.com theresa.branney@enron.com 3
lorna.brennan@enron.com tim.johanson@enron.com 3
lorna.brennan@enron.com tk.lohman@enron.com 3
lorna.brennan@enron.com tony.perry@enron.com 3
lorna.brennan@enron.com tracy.schwartzkopf@enron.com 3
lorna.brennan@enron.com vernon.mercaldo@enron.com 3
rob.bradley@enron.com kenneth.lay@enron.com 3
lisa.bills@enron.com herman.manis@enron.com 2
lisa.bills@enron.com kay.mann@enron.com 2
lisa.bills@enron.com robtaylor@andrews-kurth.com 2
lisa.bills@enron.com roseann.engeldorf@enron.com 2
enron.chairman@enron.com party.announcement@enron.com 4
enron.announcements@enron.com all.houston@enron.com 7
enron.announcements@enron.com non.employees@enron.com 3
enron.announcements@enron.com all.worldwide@enron.com 7
fgobbo@luiss.it borenste@haas.berkeley.edu 2
fgobbo@luiss.it jdasovic@enron.com 2
fgobbo@luiss.it riccardo_bortolotti@enron.com 2
elaine.concklin@enron.com allison.millan@enron.com 1
elaine.concklin@enron.com bob.chandler@enron.com 1
elaine.concklin@enron.com dana.jones@enron.com 1
elaine.concklin@enron.com danny.mccarty@enron.com 1
elaine.concklin@enron.com dave.neubauer@enron.com 1
elaine.concklin@enron.com gary.zahn@enron.com 1
elaine.concklin@enron.com james.centilli@enron.com 1
elaine.concklin@enron.com james.weitekamp@enron.com 1
elaine.concklin@enron.com kimberly.watson@enron.com 1
elaine.concklin@enron.com rod.hayslett@enron.com 1
elaine.concklin@enron.com sophie.patel@enron.com 1
elaine.concklin@enron.com steve.gilbert@enron.com 1
elaine.concklin@enron.com steven.harris@enron.com 1
elaine.concklin@enron.com tracy.geaccone@enron.com 1
elaine.concklin@enron.com vera.apodaca@enron.com 1
matthias.lee@enron.com alan.aronowitz@enron.com 3
matthias.lee@enron.com angeline.poon@enron.com 3
matthias.lee@enron.com edmund.cooper@enron.com 3
matthias.lee@enron.com john.viverito@enron.com 3
matthias.lee@enron.com mark.taylor@enron.com 3
matthias.lee@enron.com matthias.lee@enron.com 3
hunter.shively@enron.com amanda.huble@enron.com 4
hunter.shively@enron.com elizabeth.shim@enron.com 4
hea@houstonenergy.org vkamins@enron.com 3
hea@houstonenergy.org mlokay@enron.com 3
fredinvt@juno.com akinpa@email.msn.com 4
fredinvt@juno.com azaremba@fzci.net 4
fredinvt@juno.com bensons3@airmail.net 4
fredinvt@juno.com boardwalk@iquest.net 4
fredinvt@juno.com boethia@hotmail.com 4
fredinvt@juno.com christop@netcomuk.co.uk 4
fredinvt@juno.com chuck.paul@a-closer-look.com 4
fredinvt@juno.com craigd9561@aol.com 4
fredinvt@juno.com golfnbud@aol.com 4
fredinvt@juno.com handshohl@eudoramail.com 4
fredinvt@juno.com harris@wheelerads.com 4
fredinvt@juno.com hutchathoh@aol.com 4
fredinvt@juno.com jansson@mindspring.com 4
fredinvt@juno.com jawallace12050@aol.com 4
fredinvt@juno.com jdent@express-news.net 4
fredinvt@juno.com jimfulrich@aol.com 4
fredinvt@juno.com john_grumbles@berryplastics.com 4
fredinvt@juno.com johnmiller@advlaser.com 4
fredinvt@juno.com jskilli@enron.com 4
fredinvt@juno.com judgegyro@yahoo.com 4
fredinvt@juno.com kcason@flash.net 4
fredinvt@juno.com kstewart@ctcua.org 4
fredinvt@juno.com leland.white@energyspectrum.com 4
fredinvt@juno.com markpa@gateway.net 4
fredinvt@juno.com mbaddour@msn.com 4
fredinvt@juno.com pastorhess@hotmail.com 4
fredinvt@juno.com rharman@bass-associates.com 4
fredinvt@juno.com rrossell@angiodynamics.com 4
fredinvt@juno.com sogborn@goiac.com 4
fredinvt@juno.com wgander@twa.com 4
fredinvt@juno.com williamhjordan@mindspring.com 4
fredinvt@juno.com wthom25746@aol.com 4
paul.simons@enron.com claire.viejou@enron.com 3
paul.simons@enron.com george.canto@enron.com 3
paul.simons@enron.com lee.munden@enron.com 3
paul.simons@enron.com lloyd.fleming@enron.com 3
paul.simons@enron.com manjeet.jones@enron.com 3
paul.simons@enron.com mark.evans@enron.com 3
paul.simons@enron.com olivier.herbelot@enron.com 3
paul.simons@enron.com peter.abdo@enron.com 3
paul.simons@enron.com phillip.lord@enron.com 3
paul.simons@enron.com rod.sayers@enron.com 3
paul.simons@enron.com tim.davies@enron.com 3
stacey.bolton@enron.com jeff.dasovich@enron.com 2
riccardo.bortolotti@enron.com jeff.dasovich@enron.com 2
